{
    "loss": 8.214786529541016,
    "accuracy": 0.5686274766921997
}