{
    "loss": 6.153606414794922,
    "accuracy": 0.4313725531101227
}