{
    "loss": 5.345314025878906,
    "accuracy": 0.4313725531101227
}