{
    "loss": 0.6775393486022949,
    "accuracy": 0.7156862616539001
}